Title,Price,Date
Amazon Essentials Women's Pull-On Knit Midi Skirt (Available in Plus Size),25.70,2023-06-21
Amazon Essentials Women's Pull-On Knit Midi Skirt (Available in Plus Size),25.70,2023-06-21
Amazon Essentials Women's Pull-On Knit Midi Skirt (Available in Plus Size),25.70,2023-06-21
Amazon Essentials Women's Pull-On Knit Midi Skirt (Available in Plus Size),25.70,2023-06-21
Amazon Essentials Women's Pull-On Knit Midi Skirt (Available in Plus Size),25.70,2023-06-21
Amazon Essentials Women's Pull-On Knit Midi Skirt (Available in Plus Size),25.70,2023-06-21
Amazon Essentials Women's Pull-On Knit Midi Skirt (Available in Plus Size),25.70,2023-06-21
Amazon Essentials Women's Pull-On Knit Midi Skirt (Available in Plus Size),25.70,2023-06-21
Amazon Essentials Women's Pull-On Knit Midi Skirt (Available in Plus Size),25.70,2023-06-21
